"","meanImp","medianImp","minImp","maxImp","normHits","decision","Execution","Variable"
"IC50",7.73251553700919,8.3846224148997,0,10.5127129746186,0.910472056429734,"Confirmed",10,"IC50"
"EBI3",5.20896552863498,5.62247194031973,0,7.18294065580235,0.788388497015735,"Confirmed",10,"EBI3"
"PLIN3",5.23873487699092,5.6521574568212,0,7.62339789079133,0.785675529028757,"Confirmed",10,"PLIN3"
"ADGRE4P",5.22544764647422,5.66121390812664,0,7.33849193114114,0.784590341833966,"Confirmed",10,"ADGRE4P"
"ARHGEF18",5.21876208429695,5.64367617359447,0,7.6697934914567,0.784590341833966,"Confirmed",10,"ARHGEF18"
